{"cameraMode":{"drawMode":0,"name":"Shaded","section":"Shading Mode"},"sceneLighting":true,"audioPlay":false,"sceneViewState":{"showFog":true,"showMaterialUpdate":false,"showSkybox":true,"showFlares":true,"showImageEffects":true,"showParticleSystems":true},"in2DMode":false,"pivot":{"x":-1.4328663349151612,"y":3.3160037994384767,"z":-1.2794411182403565},"rotation":{"x":0.17893220484256745,"y":-0.5699120163917542,"z":0.12882637977600099,"w":0.7915744781494141},"size":5.026192665100098,"orthographic":false}